Địa phương,Năm,Diện tích(Km2),Dân số trung bình (Nghìn người),Mật độ dân số (Người/km2),Diện tích(Km2)(*),Diện tích (Km2)(*),,,,,,,
An Giang,2011,"3536,7","2097,5","593,1",..,..
An Giang,2012,"3536,7","2077,9","587,5",..,..
An Giang,2013,"3536,7","2051,6","580,1",..,..
An Giang,2014,"3536,7","2024,6","572,5",..,..
An Giang,2015,"3536,7","2000,9","565,8",..,..
An Giang,2016,"3536,7","1976,4","558,8",..,..
An Giang,2017,"3536,7","1954,2","552,5",..,..
An Giang,2018,"3536,7","1931,0","546,0",..,..
An Giang,2019,..,"1907,4","539,0","3536,7",..
An Giang,2020,..,"1904,5","538,0",..,"3536,8"
An Giang,2021,..,"1909,5","540,0","3536,8",..
An Giang,2022,..,"1905,5","539,0","3536,8",..
An Giang,2023,..,"1906,3","539,0","3536,8",..
Bà Rịa - Vũng Tàu,2011,"1989,5","1040,8","523,1",..,..
Bà Rịa - Vũng Tàu,2012,"1989,5","1057,8","531,7",..,..
Bà Rịa - Vũng Tàu,2013,"1989,5","1076,9","541,3",..,..
Bà Rịa - Vũng Tàu,2014,"1989,5","1093,4","549,6",..,..
Bà Rịa - Vũng Tàu,2015,"1989,5","1104,3","555,1",..,..
Bà Rịa - Vũng Tàu,2016,"1980,8","1117,6","564,2",..,..
Bà Rịa - Vũng Tàu,2017,"1981,0","1127,2","569,0",..,..
Bà Rịa - Vũng Tàu,2018,"1981,0","1138,3","574,6",..,..
Bà Rịa - Vũng Tàu,2019,..,"1152,2","582,0","1981,0",..
Bà Rịa - Vũng Tàu,2020,..,"1167,9","589,0",..,"1982,6"
Bà Rịa - Vũng Tàu,2021,..,"1176,1","593,0","1982,6",..
Bà Rịa - Vũng Tàu,2022,..,"1178,7","595,0","1982,6",..
Bà Rịa - Vũng Tàu,2023,..,"1187,5","599,0","1982,6",..
Bình Dương,2011,"2694,4","1699,9","630,9",..,..
Bình Dương,2012,"2694,4","1789,7","664,2",..,..
Bình Dương,2013,"2694,4","1873,5","695,3",..,..
Bình Dương,2014,"2694,4","1977,8","734,1",..,..
Bình Dương,2015,"2694,4","2069,2","768,0",..,..
Bình Dương,2016,"2694,7","2138,8","793,7",..,..
Bình Dương,2017,"2694,6","2227,2","826,5",..,..
Bình Dương,2018,"2694,6","2345,2","870,3",..,..
Bình Dương,2019,..,"2456,3","912,0","2694,6",..
Bình Dương,2020,..,"2580,6","958,0",..,"2694,6"
Bình Dương,2021,..,"2596,8","964,0","2694,6",..
Bình Dương,2022,..,"2763,1","1025,0","2694,6",..
Bình Dương,2023,..,"2823,4","1047,8","2694,6",..
Bình Phước,2011,"6871,5","899,6","130,9",..,..
Bình Phước,2012,"6871,5","911,4","132,6",..,..
Bình Phước,2013,"6871,5","923,5","134,4",..,..
Bình Phước,2014,"6871,5","934,4","136,0",..,..
Bình Phước,2015,"6871,5","947,2","137,8",..,..
Bình Phước,2016,"6876,6","962,7","140,0",..,..
Bình Phước,2017,"6876,8","972,6","141,4",..,..
Bình Phước,2018,"6876,8","984,9","143,2",..,..
Bình Phước,2019,..,"997,8","145,0","6876,8",..
Bình Phước,2020,..,"1011,1","147,0",..,"6873,6"
Bình Phước,2021,..,"1024,3","149,0","6873,6",..
Bình Phước,2022,..,"1034,7","151,0","6873,6",..
Bình Phước,2023,..,"1045,5","152,1","6873,6",..
Bình Thuận,2011,"7812,9","1180,7","151,1",..,..
Bình Thuận,2012,"7812,8","1189,6","152,3",..,..
Bình Thuận,2013,"7812,8","1194,7","152,9",..,..
Bình Thuận,2014,"7813,1","1197,3","153,2",..,..
Bình Thuận,2015,"7813,1","1205,4","154,3",..,..
Bình Thuận,2016,"7944,0","1213,6","152,8",..,..
Bình Thuận,2017,"7943,9","1220,5","153,6",..,..
Bình Thuận,2018,"7943,9","1227,3","154,5",..,..
Bình Thuận,2019,..,"1232,3","155,0","7943,9",..
Bình Thuận,2020,..,"1239,3","156,0",..,"7942,5"
Bình Thuận,2021,..,"1246,3","157,0","7942,6",..
Bình Thuận,2022,..,"1252,1","158,0","7942,6",..
Bình Thuận,2023,..,"1258,8","158,5","7942,6",..
Bình Định,2011,"6050,6","1487,5","245,8",..,..
Bình Định,2012,"6050,6","1487,5","245,8",..,..
Bình Định,2013,"6050,6","1487,6","245,9",..,..
Bình Định,2014,"6050,6","1487,6","245,9",..,..
Bình Định,2015,"6050,6","1487,6","245,9",..,..
Bình Định,2016,"6066,1","1487,7","245,2",..,..
Bình Định,2017,"6066,2","1487,7","245,2",..,..
Bình Định,2018,"6066,2","1487,8","245,3",..,..
Bình Định,2019,..,"1487,8","245,0","6066,2",..
Bình Định,2020,..,"1487,9","245,0",..,"6066,4"
Bình Định,2021,..,"1508,3","249,0","6066,4",..
Bình Định,2022,..,"1504,3","248,0","6066,4",..
Bình Định,2023,..,"1506,3","248,3","6066,4",..
Bạc Liêu,2011,"2468,7","866,9","351,1",..,..
Bạc Liêu,2012,"2468,7","872,1","353,3",..,..
Bạc Liêu,2013,"2468,7","877,0","355,3",..,..
Bạc Liêu,2014,"2468,7","882,2","357,3",..,..
Bạc Liêu,2015,"2468,7","887,3","359,4",..,..
Bạc Liêu,2016,"2669,1","892,8","334,5",..,..
Bạc Liêu,2017,"2669,0","897,7","336,3",..,..
Bạc Liêu,2018,"2669,0","903,0","338,3",..,..
Bạc Liêu,2019,..,"908,2","340,0","2669,0",..
Bạc Liêu,2020,..,"913,5","342,0",..,"2667,9"
Bạc Liêu,2021,..,"918,5","344,0","2667,9",..
Bạc Liêu,2022,..,"921,8","346,0","2667,9",..
Bạc Liêu,2023,..,"925,2","346,8","2667,9",..
Bắc Giang,2011,"3844,0","1586,0","412,6",..,..
Bắc Giang,2012,"3848,9","1607,8","417,7",..,..
Bắc Giang,2013,"3849,7","1630,6","423,6",..,..
Bắc Giang,2014,"3849,5","1646,9","427,8",..,..
Bắc Giang,2015,"3849,5","1667,0","433,0",..,..
Bắc Giang,2016,"3895,5","1696,9","435,6",..,..
Bắc Giang,2017,"3895,5","1736,8","445,8",..,..
Bắc Giang,2018,"3895,6","1777,5","456,3",..,..
Bắc Giang,2019,..,"1810,4","465,0","3895,6",..
Bắc Giang,2020,..,"1841,6","473,0",..,"3895,9"
Bắc Giang,2021,..,"1875,2","481,0","3895,9",..
Bắc Giang,2022,..,"1890,9","485,0","3895,9",..
Bắc Giang,2023,..,"1922,7","493,5","3895,9",..
Bắc Kạn,2011,"4859,4","298,7","61,5",..,..
Bắc Kạn,2012,"4859,4","300,8","61,9",..,..
Bắc Kạn,2013,"4859,4","301,7","62,1",..,..
Bắc Kạn,2014,"4859,4","302,9","62,3",..,..
Bắc Kạn,2015,"4859,4","305,6","62,9",..,..
Bắc Kạn,2016,"4860,0","307,7","63,3",..,..
Bắc Kạn,2017,"4860,0","309,9","63,8",..,..
Bắc Kạn,2018,"4860,0","312,0","64,2",..,..
Bắc Kạn,2019,..,"314,4","65,0","4860,0",..
Bắc Kạn,2020,..,"316,5","65,0",..,"4860,0"
Bắc Kạn,2021,..,"323,7","67,0","4860,0",..
Bắc Kạn,2022,..,"324,4","67,0","4860,0",..
Bắc Kạn,2023,..,"326,5","67,2","4860,0",..
Bắc Ninh,2011,"822,7","1072,4","1303,5",..,..
Bắc Ninh,2012,"822,7","1104,7","1342,8",..,..
Bắc Ninh,2013,"822,7","1139,9","1385,5",..,..
Bắc Ninh,2014,"822,7","1177,1","1430,7",..,..
Bắc Ninh,2015,"822,7","1218,5","1481,1",..,..
Bắc Ninh,2016,"822,8","1257,9","1528,8",..,..
Bắc Ninh,2017,"822,7","1297,8","1577,5",..,..
Bắc Ninh,2018,"822,7","1337,3","1625,5",..,..
Bắc Ninh,2019,..,"1378,6","1676,0","822,7",..
Bắc Ninh,2020,..,"1419,1","1725,0",..,"822,7"
Bắc Ninh,2021,..,"1462,9","1778,0","822,7",..
Bắc Ninh,2022,..,"1488,2","1809,0","822,7",..
Bắc Ninh,2023,..,"1517,4","1844,4","822,7",..
Bắc Trung Bộ và Duyên hải miền Trung,2011,"95838,0","19116,3","199,5",..,..
Bắc Trung Bộ và Duyên hải miền Trung,2012,"95835,8","19253,8","200,9",..,..
Bắc Trung Bộ và Duyên hải miền Trung,2013,"95834,5","19392,0","202,3",..,..
Bắc Trung Bộ và Duyên hải miền Trung,2014,"95832,4","19511,5","203,6",..,..
Bắc Trung Bộ và Duyên hải miền Trung,2015,"95832,4","19653,7","205,1",..,..
Bắc Trung Bộ và Duyên hải miền Trung,2016,"95871,3","19802,5","206,6",..,..
Bắc Trung Bộ và Duyên hải miền Trung,2017,"95871,9","19949,0","208,1",..,..
Bắc Trung Bộ và Duyên hải miền Trung,2018,"95876,0","20085,1","209,5",..,..
Bắc Trung Bộ và Duyên hải miền Trung,2019,..,"20220,4","211,0","95875,8",..
Bắc Trung Bộ và Duyên hải miền Trung,2020,..,"20343,2","212,0",..,"95860,1"
Bắc Trung Bộ và Duyên hải miền Trung,2021,..,"20584,9","215,0","95847,5",..
Bắc Trung Bộ và Duyên hải miền Trung,2022,..,"20661,7","216,0","95847,9",..
Bắc Trung Bộ và Duyên hải miền Trung,2023,..,"20768,7","216,7","95847,9",..
Bến Tre,2011,"2360,6","1262,7","534,9",..,..
Bến Tre,2012,"2357,7","1266,7","537,3",..,..
Bến Tre,2013,"2359,5","1269,7","538,1",..,..
Bến Tre,2014,"2359,8","1272,5","539,2",..,..
Bến Tre,2015,"2359,8","1275,8","540,6",..,..
Bến Tre,2016,"2394,6","1278,6","534,0",..,..
Bến Tre,2017,"2394,7","1282,4","535,5",..,..
Bến Tre,2018,"2394,8","1286,0","537,0",..,..
Bến Tre,2019,..,"1289,1","538,0","2394,8",..
Bến Tre,2020,..,"1292,4","543,0",..,"2379,7"
Bến Tre,2021,..,"1295,7","544,0","2379,7",..
Bến Tre,2022,..,"1298,0","545,0","2379,7",..
Bến Tre,2023,..,"1299,3","546,0","2379,7",..
Cao Bằng,2011,"6707,9","514,0","76,6",..,..
Cao Bằng,2012,"6707,9","515,9","76,9",..,..
Cao Bằng,2013,"6707,9","517,8","77,2",..,..
Cao Bằng,2014,"6703,4","519,9","77,6",..,..
Cao Bằng,2015,"6703,4","522,0","77,9",..,..
Cao Bằng,2016,"6700,2","524,2","78,2",..,..
Cao Bằng,2017,"6700,3","526,4","78,6",..,..
Cao Bằng,2018,"6700,3","528,7","78,9",..,..
Cao Bằng,2019,..,"530,9","79,0","6700,3",..
Cao Bằng,2020,..,"533,1","80,0",..,"6700,4"
Cao Bằng,2021,..,"542,2","81,0","6700,4",..
Cao Bằng,2022,..,"543,1","81,0","6700,4",..
Cao Bằng,2023,..,"547,9","81,8","6700,4",..
Cà Mau,2011,"5294,9","1204,5","227,5",..,..
Cà Mau,2012,"5294,9","1203,5","227,3",..,..
Cà Mau,2013,"5294,9","1202,1","227,0",..,..
Cà Mau,2014,"5294,9","1200,7","226,8",..,..
Cà Mau,2015,"5294,9","1199,5","226,5",..,..
Cà Mau,2016,"5221,2","1198,1","229,5",..,..
Cà Mau,2017,"5221,2","1197,0","229,3",..,..
Cà Mau,2018,"5221,2","1195,6","229,0",..,..
Cà Mau,2019,..,"1194,3","229,0","5221,2",..
Cà Mau,2020,..,"1193,9","226,0",..,"5274,5"
Cà Mau,2021,..,"1208,8","229,0","5274,5",..
Cà Mau,2022,..,"1207,6","229,0","5274,5",..
Cà Mau,2023,..,"1207,4","228,9","5274,5",..
CẢ NƯỚC,2011,"330957,6","88145,8","266,3",..,..
CẢ NƯỚC,2012,"330951,1","89202,9","269,5",..,..
CẢ NƯỚC,2013,"330972,4","90191,4","272,5",..,..
CẢ NƯỚC,2014,"330966,9","91203,8","275,6",..,..
CẢ NƯỚC,2015,"330966,9","92228,6","278,7",..,..
CẢ NƯỚC,2016,"331230,8","93250,7","281,5",..,..
CẢ NƯỚC,2017,"331230,8","94286,0","284,7",..,..
CẢ NƯỚC,2018,"331235,7","95385,2","288,0",..,..
CẢ NƯỚC,2019,..,"96484,0","291,0","331236,0",..
CẢ NƯỚC,2020,..,"97582,7","295,0",..,"331317,1"
CẢ NƯỚC,2021,..,"98506,2","297,0","331344,3",..
CẢ NƯỚC,2022,..,"99474,4","300,0","331345,7",..
CẢ NƯỚC,2023,..,"100309,2","302,7","331332,1",..
Cần Thơ,2011,"1409,0","1195,9","848,8",..,..
Cần Thơ,2012,"1409,0","1200,9","852,3",..,..
Cần Thơ,2013,"1409,0","1203,2","854,0",..,..
Cần Thơ,2014,"1408,9","1205,7","855,8",..,..
Cần Thơ,2015,"1408,9","1208,5","857,8",..,..
Cần Thơ,2016,"1439,2","1214,6","843,9",..,..
Cần Thơ,2017,"1439,0","1222,4","849,5",..,..
Cần Thơ,2018,"1439,0","1227,7","853,2",..,..
Cần Thơ,2019,..,"1236,0","859,0","1439,0",..
Cần Thơ,2020,..,"1240,7","861,0",..,"1440,4"
Cần Thơ,2021,..,"1247,0","866,0","1440,4",..
Cần Thơ,2022,..,"1252,3","869,0","1440,4",..
Cần Thơ,2023,..,"1258,9","874,0","1440,4",..
Gia Lai,2011,"15536,9","1336,1","86,0",..,..
Gia Lai,2012,"15536,9","1360,0","87,5",..,..
Gia Lai,2013,"15536,9","1383,0","89,0",..,..
Gia Lai,2014,"15536,9","1403,1","90,3",..,..
Gia Lai,2015,"15536,9","1426,4","91,8",..,..
Gia Lai,2016,"15510,8","1447,2","93,3",..,..
Gia Lai,2017,"15511,0","1468,9","94,7",..,..
Gia Lai,2018,"15511,0","1495,7","96,4",..,..
Gia Lai,2019,..,"1520,2","98,0","15511,0",..
Gia Lai,2020,..,"1541,8","99,0",..,"15510,1"
Gia Lai,2021,..,"1569,7","101,0","15510,1",..
Gia Lai,2022,..,"1591,0","103,0","15510,1",..
Gia Lai,2023,..,"1613,9","104,1","15510,1",..
Hoà Bình,2011,"4608,7","802,2","174,1",..,..
Hoà Bình,2012,"4608,7","808,4","175,4",..,..
Hoà Bình,2013,"4608,7","812,7","176,4",..,..
Hoà Bình,2014,"4608,7","819,6","177,8",..,..
Hoà Bình,2015,"4608,7","828,6","179,8",..,..
Hoà Bình,2016,"4590,7","837,0","182,3",..,..
Hoà Bình,2017,"4590,6","845,0","184,1",..,..
Hoà Bình,2018,"4590,6","850,4","185,2",..,..
Hoà Bình,2019,..,"855,8","186,0","4590,6",..
Hoà Bình,2020,..,"861,2","188,0",..,"4590,3"
Hoà Bình,2021,..,"871,7","190,0","4590,3",..
Hoà Bình,2022,..,"875,4","191,0","4590,3",..
Hoà Bình,2023,..,"880,5","191,8","4590,3",..
Hà Giang,2011,"7914,9","749,5","94,7",..,..
Hà Giang,2012,"7914,9","763,5","96,5",..,..
Hà Giang,2013,"7914,9","779,0","98,4",..,..
Hà Giang,2014,"7914,9","792,5","100,1",..,..
Hà Giang,2015,"7914,9","806,7","101,9",..,..
Hà Giang,2016,"7929,2","820,4","103,5",..,..
Hà Giang,2017,"7929,5","833,7","105,1",..,..
Hà Giang,2018,"7929,5","846,5","106,8",..,..
Hà Giang,2019,..,"858,1","108,0","7929,5",..
Hà Giang,2020,..,"870,2","110,0",..,"7927,6"
Hà Giang,2021,..,"887,1","112,0","7927,6",..
Hà Giang,2022,..,"892,7","113,0","7927,6",..
Hà Giang,2023,..,"899,9","113,5","7927,5",..
Hà Nam,2011,"860,5","795,6","924,6",..,..
Hà Nam,2012,"860,5","800,8","930,6",..,..
Hà Nam,2013,"860,5","807,4","938,3",..,..
Hà Nam,2014,"862,0","815,1","945,6",..,..
Hà Nam,2015,"862,0","824,3","956,3",..,..
Hà Nam,2016,"862,0","832,2","965,4",..,..
Hà Nam,2017,"861,9","839,8","974,4",..,..
Hà Nam,2018,"861,9","847,1","982,8",..,..
Hà Nam,2019,..,"854,5","991,0","861,9",..
Hà Nam,2020,..,"861,8","1000,0",..,"861,9"
Hà Nam,2021,..,"875,2","1015,0","861,9",..
Hà Nam,2022,..,"878,0","1019,0","861,9",..
Hà Nam,2023,..,"885,9","1027,8","861,9",..
Hà Nội,2011,"3328,9","6825,8","2050,5",..,..
Hà Nội,2012,"3323,6","6991,4","2103,6",..,..
Hà Nội,2013,"3324,3","7128,4","2144,3",..,..
Hà Nội,2014,"3324,5","7285,5","2191,5",..,..
Hà Nội,2015,"3324,5","7433,6","2236,0",..,..
Hà Nội,2016,"3358,9","7590,8","2259,9",..,..
Hà Nội,2017,"3358,6","7742,2","2305,2",..,..
Hà Nội,2018,"3358,6","7914,5","2356,5",..,..
Hà Nội,2019,..,"8093,9","2410,0","3358,6",..
Hà Nội,2020,..,"8246,5","2454,0",..,"3359,8"
Hà Nội,2021,..,"8330,8","2480,0","3359,8",..
Hà Nội,2022,..,"8435,7","2511,0","3359,8",..
Hà Nội,2023,..,"8587,1","2555,8","3359,8",..
Hà Tĩnh,2011,"5997,2","1236,7","206,2",..,..
Hà Tĩnh,2012,"5997,8","1242,1","207,1",..,..
Hà Tĩnh,2013,"5997,3","1247,6","208,0",..,..
Hà Tĩnh,2014,"5997,8","1255,3","209,3",..,..
Hà Tĩnh,2015,"5997,8","1261,3","210,3",..,..
Hà Tĩnh,2016,"5990,6","1266,7","211,4",..,..
Hà Tĩnh,2017,"5990,7","1274,2","212,7",..,..
Hà Tĩnh,2018,"5990,7","1280,5","213,7",..,..
Hà Tĩnh,2019,..,"1290,3","215,0","5990,7",..
Hà Tĩnh,2020,..,"1296,6","216,0",..,"5994,5"
Hà Tĩnh,2021,..,"1314,1","219,0","5994,5",..
Hà Tĩnh,2022,..,"1323,7","221,0","5994,5",..
Hà Tĩnh,2023,..,"1323,7","220,8","5994,4",..
Hưng Yên,2011,"926,0","1150,7","1242,7",..,..
Hưng Yên,2012,"926,0","1162,9","1255,8",..,..
Hưng Yên,2013,"926,0","1175,5","1269,5",..,..
Hưng Yên,2014,"926,0","1188,6","1283,6",..,..
Hưng Yên,2015,"926,0","1202,0","1298,1",..,..
Hưng Yên,2016,"930,3","1215,5","1306,6",..,..
Hưng Yên,2017,"930,2","1228,8","1321,0",..,..
Hưng Yên,2018,"930,2","1242,4","1335,6",..,..
Hưng Yên,2019,..,"1255,8","1350,0","930,2",..
Hưng Yên,2020,..,"1269,1","1364,0",..,"930,2"
Hưng Yên,2021,..,"1284,6","1381,0","930,2",..
Hưng Yên,2022,..,"1290,9","1388,0","930,2",..
Hưng Yên,2023,..,"1301,0","1398,6","930,2",..
Hải Dương,2011,"1656,0","1747,8","1055,5",..,..
Hải Dương,2012,"1656,0","1767,8","1067,5",..,..
Hải Dương,2013,"1656,0","1779,7","1074,7",..,..
Hải Dương,2014,"1656,0","1795,8","1084,4",..,..
Hải Dương,2015,"1656,0","1812,8","1094,7",..,..
Hải Dương,2016,"1668,3","1832,8","1098,6",..,..
Hải Dương,2017,"1668,2","1850,6","1109,3",..,..
Hải Dương,2018,"1668,2","1877,7","1125,6",..,..
Hải Dương,2019,..,"1896,9","1137,0","1668,2",..
Hải Dương,2020,..,"1916,8","1149,0",..,"1668,4"
Hải Dương,2021,..,"1936,8","1161,0","1668,3",..
Hải Dương,2022,..,"1946,8","1167,0","1668,3",..
Hải Dương,2023,..,"1956,9","1173,0","1668,3",..
Hải Phòng,2011,"1523,4","1886,2","1238,2",..,..
Hải Phòng,2012,"1523,9","1912,9","1255,3",..,..
Hải Phòng,2013,"1527,4","1932,2","1265,0",..,..
Hải Phòng,2014,"1527,4","1950,7","1277,1",..,..
Hải Phòng,2015,"1527,4","1969,5","1289,4",..,..
Hải Phòng,2016,"1561,7","1985,3","1271,2",..,..
Hải Phòng,2017,"1561,8","2001,4","1281,5",..,..
Hải Phòng,2018,"1561,8","2016,4","1291,1",..,..
Hải Phòng,2019,..,"2033,3","1302,0","1561,8",..
Hải Phòng,2020,..,"2053,5","1345,0",..,"1526,5"
Hải Phòng,2021,..,"2072,4","1358,0","1526,5",..
Hải Phòng,2022,..,"2088,0","1368,0","1526,5",..
Hải Phòng,2023,..,"2105,0","1379,0","1526,5",..
Hậu Giang,2011,"1602,5","752,7","469,7",..,..
Hậu Giang,2012,"1602,5","750,7","468,5",..,..
Hậu Giang,2013,"1602,4","747,9","466,7",..,..
Hậu Giang,2014,"1602,4","745,0","464,9",..,..
Hậu Giang,2015,"1602,4","742,4","463,3",..,..
Hậu Giang,2016,"1621,8","740,1","456,3",..,..
Hậu Giang,2017,"1621,7","737,3","454,6",..,..
Hậu Giang,2018,"1621,7","734,9","453,2",..,..
Hậu Giang,2019,..,"732,2","451,0","1621,7",..
Hậu Giang,2020,..,"729,8","450,0",..,"1622,2"
Hậu Giang,2021,..,"729,9","450,0","1622,2",..
Hậu Giang,2022,..,"729,5","450,0","1622,2",..
Hậu Giang,2023,..,"728,3","448,9","1622,2",..
Khánh Hoà,2011,"5217,7","1170,2","224,3",..,..
Khánh Hoà,2012,"5217,7","1177,6","225,7",..,..
Khánh Hoà,2013,"5217,7","1184,9","227,1",..,..
Khánh Hoà,2014,"5217,7","1192,1","228,5",..,..
Khánh Hoà,2015,"5217,7","1198,4","229,7",..,..
Khánh Hoà,2016,"5137,7","1207,2","235,0",..,..
Khánh Hoà,2017,"5137,8","1216,3","236,7",..,..
Khánh Hoà,2018,"5137,8","1224,5","238,3",..,..
Khánh Hoà,2019,..,"1232,8","240,0","5137,8",..
Khánh Hoà,2020,..,"1240,4","239,0",..,"5199,6"
Khánh Hoà,2021,..,"1248,1","240,0","5199,6",..
Khánh Hoà,2022,..,"1254,0","241,0","5199,6",..
Khánh Hoà,2023,..,"1260,6","242,4","5199,6",..
Kiên Giang,2011,"6348,5","1694,4","266,9",..,..
Kiên Giang,2012,"6348,5","1698,1","267,5",..,..
Kiên Giang,2013,"6348,5","1701,1","268,0",..,..
Kiên Giang,2014,"6348,5","1703,4","268,3",..,..
Kiên Giang,2015,"6348,5","1705,4","268,6",..,..
Kiên Giang,2016,"6348,7","1708,7","269,1",..,..
Kiên Giang,2017,"6348,8","1712,9","269,8",..,..
Kiên Giang,2018,"6348,8","1718,1","270,6",..,..
Kiên Giang,2019,..,"1723,7","272,0","6348,8",..
Kiên Giang,2020,..,"1728,9","272,0",..,"6352,0"
Kiên Giang,2021,..,"1752,3","276,0","6352,0",..
Kiên Giang,2022,..,"1751,8","276,0","6352,9",..
Kiên Giang,2023,..,"1755,3","276,3","6352,0",..
Kon Tum,2011,"9689,6","451,6","46,6",..,..
Kon Tum,2012,"9689,6","462,7","47,8",..,..
Kon Tum,2013,"9689,6","473,3","48,8",..,..
Kon Tum,2014,"9689,6","484,2","50,0",..,..
Kon Tum,2015,"9689,6","495,9","51,2",..,..
Kon Tum,2016,"9674,2","507,8","52,5",..,..
Kon Tum,2017,"9674,2","520,1","53,8",..,..
Kon Tum,2018,"9674,2","532,4","55,0",..,..
Kon Tum,2019,..,"543,4","56,0","9674,2",..
Kon Tum,2020,..,"555,6","57,0",..,"9674,2"
Kon Tum,2021,..,"568,8","59,0","9677,3",..
Kon Tum,2022,..,"579,9","60,0","9677,3",..
Kon Tum,2023,..,"591,3","61,1","9677,3",..
Lai Châu,2011,"9068,8","392,9","43,3",..,..
Lai Châu,2012,"9068,8","403,0","44,4",..,..
Lai Châu,2013,"9068,8","414,6","45,7",..,..
Lai Châu,2014,"9068,8","421,5","46,5",..,..
Lai Châu,2015,"9068,8","427,9","47,2",..,..
Lai Châu,2016,"9069,5","436,3","48,1",..,..
Lai Châu,2017,"9068,8","444,5","49,0",..,..
Lai Châu,2018,"9068,8","453,4","50,0",..,..
Lai Châu,2019,..,"462,6","51,0","9068,8",..
Lai Châu,2020,..,"469,8","52,0",..,"9068,7"
Lai Châu,2021,..,"478,4","53,0","9068,7",..
Lai Châu,2022,..,"482,1","53,0","9068,7",..
Lai Châu,2023,..,"489,3","54,0","9068,7",..
Long An,2011,"4492,4","1504,1","334,8",..,..
Long An,2012,"4492,4","1549,8","345,0",..,..
Long An,2013,"4491,9","1587,9","353,5",..,..
Long An,2014,"4495,0","1611,7","358,6",..,..
Long An,2015,"4495,0","1626,2","361,8",..,..
Long An,2016,"4494,8","1645,2","366,0",..,..
Long An,2017,"4494,9","1662,3","369,8",..,..
Long An,2018,"4494,9","1678,9","373,5",..,..
Long An,2019,..,"1695,1","377,0","4494,9",..
Long An,2020,..,"1713,7","381,0",..,"4494,8"
Long An,2021,..,"1725,8","384,0","4494,8",..
Long An,2022,..,"1734,3","386,0","4494,8",..
Long An,2023,..,"1743,4","387,9","4494,8",..
Lào Cai,2011,"6383,9","638,1","100,0",..,..
Lào Cai,2012,"6383,9","649,5","101,7",..,..
Lào Cai,2013,"6383,9","661,0","103,5",..,..
Lào Cai,2014,"6383,9","672,6","105,4",..,..
Lào Cai,2015,"6383,9","684,5","107,2",..,..
Lào Cai,2016,"6364,0","696,5","109,4",..,..
Lào Cai,2017,"6364,0","708,6","111,3",..,..
Lào Cai,2018,"6364,0","720,8","113,3",..,..
Lào Cai,2019,..,"733,3","115,0","6364,0",..
Lào Cai,2020,..,"746,4","117,0",..,"6364,2"
Lào Cai,2021,..,"761,9","120,0","6364,3",..
Lào Cai,2022,..,"770,6","121,0","6364,3",..
Lào Cai,2023,..,"779,9","122,5","6364,2",..
Lâm Đồng,2011,"9773,5","1217,2","124,5",..,..
Lâm Đồng,2012,"9773,5","1228,7","125,7",..,..
Lâm Đồng,2013,"9773,6","1239,9","126,9",..,..
Lâm Đồng,2014,"9773,5","1251,1","128,0",..,..
Lâm Đồng,2015,"9773,5","1261,4","129,1",..,..
Lâm Đồng,2016,"9783,2","1271,3","129,9",..,..
Lâm Đồng,2017,"9783,3","1281,3","131,0",..,..
Lâm Đồng,2018,"9783,3","1291,4","132,0",..,..
Lâm Đồng,2019,..,"1299,3","133,0","9783,3",..
Lâm Đồng,2020,..,"1309,8","134,0",..,"9781,2"
Lâm Đồng,2021,..,"1321,8","135,0","9781,2",..
Lâm Đồng,2022,..,"1332,5","136,0","9781,2",..
Lâm Đồng,2023,..,"1345,0","137,5","9781,2",..
Lạng Sơn,2011,"8320,8","740,9","89,0",..,..
Lạng Sơn,2012,"8320,8","745,1","89,6",..,..
Lạng Sơn,2013,"8320,8","748,9","90,0",..,..
Lạng Sơn,2014,"8320,8","752,6","90,4",..,..
Lạng Sơn,2015,"8320,8","757,8","91,1",..,..
Lạng Sơn,2016,"8310,2","763,4","91,9",..,..
Lạng Sơn,2017,"8310,1","768,7","92,5",..,..
Lạng Sơn,2018,"8310,1","775,9","93,4",..,..
Lạng Sơn,2019,..,"782,8","94,0","8310,1",..
Lạng Sơn,2020,..,"788,7","95,0",..,"8310,2"
Lạng Sơn,2021,..,"796,9","96,0","8310,2",..
Lạng Sơn,2022,..,"802,1","97,0","8310,2",..
Lạng Sơn,2023,..,"807,3","97,1","8310,2",..
Nam Định,2011,"1651,4","1816,8","1100,2",..,..
Nam Định,2012,"1652,6","1811,5","1096,2",..,..
Nam Định,2013,"1652,8","1806,4","1092,9",..,..
Nam Định,2014,"1653,2","1801,5","1089,7",..,..
Nam Định,2015,"1653,2","1796,9","1086,9",..,..
Nam Định,2016,"1668,5","1792,5","1074,3",..,..
Nam Định,2017,"1668,5","1788,2","1071,7",..,..
Nam Định,2018,"1668,5","1784,2","1069,3",..,..
Nam Định,2019,..,"1780,9","1067,0","1668,6",..
Nam Định,2020,..,"1780,3","1067,0",..,"1668,8"
Nam Định,2021,..,"1836,3","1100,0","1668,8",..
Nam Định,2022,..,"1876,9","1125,0","1668,8",..
Nam Định,2023,..,"1887,1","1130,8","1668,8",..
Nghệ An,2011,"16493,7","2996,1","181,7",..,..
Nghệ An,2012,"16490,9","3036,0","184,1",..,..
Nghệ An,2013,"16492,7","3076,4","186,5",..,..
Nghệ An,2014,"16490,0","3116,3","189,0",..,..
Nghệ An,2015,"16490,0","3160,6","191,7",..,..
Nghệ An,2016,"16481,7","3203,1","194,3",..,..
Nghệ An,2017,"16481,6","3246,7","197,0",..,..
Nghệ An,2018,"16481,6","3291,4","199,7",..,..
Nghệ An,2019,..,"3337,2","202,0","16481,4",..
Nghệ An,2020,..,"3365,2","204,0",..,"16486,5"
Nghệ An,2021,..,"3409,8","207,0","16486,5",..
Nghệ An,2022,..,"3420,0","207,0","16486,5",..
Nghệ An,2023,..,"3442,0","208,8","16486,5",..
Ninh Bình,2011,"1390,3","911,7","655,7",..,..
Ninh Bình,2012,"1376,7","921,0","669,0",..,..
Ninh Bình,2013,"1378,1","930,0","674,9",..,..
Ninh Bình,2014,"1377,6","939,3","681,8",..,..
Ninh Bình,2015,"1377,6","948,5","688,5",..,..
Ninh Bình,2016,"1386,8","956,8","689,9",..,..
Ninh Bình,2017,"1386,8","965,4","696,1",..,..
Ninh Bình,2018,"1386,8","974,7","702,8",..,..
Ninh Bình,2019,..,"984,5","710,0","1386,8",..
Ninh Bình,2020,..,"993,9","717,0",..,"1387,1"
Ninh Bình,2021,..,"1007,6","714,0","1411,8",..
Ninh Bình,2022,..,"1010,7","716,0","1411,8",..
Ninh Bình,2023,..,"1017,1","720,4","1411,8",..
Ninh Thuận,2011,"3358,3","567,9","169,1",..,..
Ninh Thuận,2012,"3358,3","571,3","170,1",..,..
Ninh Thuận,2013,"3358,3","573,3","170,7",..,..
Ninh Thuận,2014,"3358,3","575,4","171,3",..,..
Ninh Thuận,2015,"3358,3","578,3","172,2",..,..
Ninh Thuận,2016,"3355,2","581,5","173,3",..,..
Ninh Thuận,2017,"3355,3","585,4","174,5",..,..
Ninh Thuận,2018,"3355,3","588,9","175,5",..,..
Ninh Thuận,2019,..,"591,0","176,0","3355,3",..
Ninh Thuận,2020,..,"593,6","177,0",..,"3355,3"
Ninh Thuận,2021,..,"596,0","178,0","3355,3",..
Ninh Thuận,2022,..,"598,7","178,0","3355,7",..
Ninh Thuận,2023,..,"601,2","179,2","3355,7",..
Phú Thọ,2011,"3533,4","1329,3","376,2",..,..
Phú Thọ,2012,"3533,4","1340,8","379,5",..,..
Phú Thọ,2013,"3533,3","1355,2","383,6",..,..
Phú Thọ,2014,"3533,3","1373,7","388,8",..,..
Phú Thọ,2015,"3533,3","1392,3","394,1",..,..
Phú Thọ,2016,"3534,4","1409,0","398,7",..,..
Phú Thọ,2017,"3534,6","1430,5","404,7",..,..
Phú Thọ,2018,"3534,6","1449,6","410,1",..,..
Phú Thọ,2019,..,"1466,4","415,0","3534,6",..
Phú Thọ,2020,..,"1481,9","419,0",..,"3534,6"
Phú Thọ,2021,..,"1507,5","427,0","3534,6",..
Phú Thọ,2022,..,"1516,9","429,0","3534,6",..
Phú Thọ,2023,..,"1530,8","433,1","3534,6",..
Phú Yên,2011,"5060,6","864,0","170,7",..,..
Phú Yên,2012,"5060,6","864,9","170,9",..,..
Phú Yên,2013,"5060,5","865,3","171,0",..,..
Phú Yên,2014,"5060,6","865,7","171,1",..,..
Phú Yên,2015,"5060,6","866,2","171,2",..,..
Phú Yên,2016,"5023,5","868,2","172,8",..,..
Phú Yên,2017,"5023,4","870,0","173,2",..,..
Phú Yên,2018,"5023,4","871,5","173,5",..,..
Phú Yên,2019,..,"873,2","174,0","5023,4",..
Phú Yên,2020,..,"874,3","174,0",..,"5026,0"
Phú Yên,2021,..,"875,5","174,0","5026,0",..
Phú Yên,2022,..,"876,6","174,0","5026,0",..
Phú Yên,2023,..,"877,7","174,6","5026,0",..
Quảng Bình,2011,"8065,3","854,6","106,0",..,..
Quảng Bình,2012,"8065,3","859,8","106,6",..,..
Quảng Bình,2013,"8065,3","865,0","107,3",..,..
Quảng Bình,2014,"8065,3","870,5","107,9",..,..
Quảng Bình,2015,"8065,3","875,6","108,6",..,..
Quảng Bình,2016,"8000,1","880,6","110,1",..,..
Quảng Bình,2017,"8000,0","885,7","110,7",..,..
Quảng Bình,2018,"8000,0","891,1","111,4",..,..
Quảng Bình,2019,..,"896,6","112,0","8000,0",..
Quảng Bình,2020,..,"902,0","113,0",..,"7998,8"
Quảng Bình,2021,..,"910,7","114,0","7998,8",..
Quảng Bình,2022,..,"913,9","114,0","7998,8",..
Quảng Bình,2023,..,"918,7","114,9","7998,8",..
Quảng Nam,2011,"10438,4","1436,8","137,6",..,..
Quảng Nam,2012,"10438,4","1444,0","138,3",..,..
Quảng Nam,2013,"10438,4","1451,4","139,0",..,..
Quảng Nam,2014,"10438,4","1459,8","139,8",..,..
Quảng Nam,2015,"10438,4","1468,2","140,7",..,..
Quảng Nam,2016,"10575,0","1475,7","139,5",..,..
Quảng Nam,2017,"10574,7","1483,3","140,3",..,..
Quảng Nam,2018,"10574,7","1490,8","141,0",..,..
Quảng Nam,2019,..,"1497,5","142,0","10574,7",..
Quảng Nam,2020,..,"1505,0","142,0",..,"10574,9"
Quảng Nam,2021,..,"1518,5","144,0","10574,9",..
Quảng Nam,2022,..,"1519,4","144,0","10574,9",..
Quảng Nam,2023,..,"1526,1","144,3","10574,9",..
Quảng Ngãi,2011,"5153,0","1220,1","236,8",..,..
Quảng Ngãi,2012,"5153,0","1221,8","237,1",..,..
Quảng Ngãi,2013,"5152,0","1223,1","237,4",..,..
Quảng Ngãi,2014,"5152,7","1224,5","237,6",..,..
Quảng Ngãi,2015,"5152,7","1226,2","238,0",..,..
Quảng Ngãi,2016,"5152,3","1227,5","238,2",..,..
Quảng Ngãi,2017,"5152,5","1228,9","238,5",..,..
Quảng Ngãi,2018,"5155,8","1230,5","238,7",..,..
Quảng Ngãi,2019,..,"1231,9","239,0","5155,8",..
Quảng Ngãi,2020,..,"1233,4","239,0",..,"5155,2"
Quảng Ngãi,2021,..,"1244,1","241,0","5155,3",..
Quảng Ngãi,2022,..,"1245,6","242,0","5155,3",..
Quảng Ngãi,2023,..,"1248,1","242,1","5155,2",..
Quảng Ninh,2011,"6102,4","1181,5","193,6",..,..
Quảng Ninh,2012,"6102,3","1198,4","196,4",..,..
Quảng Ninh,2013,"6102,4","1209,6","198,2",..,..
Quảng Ninh,2014,"6102,3","1227,7","201,2",..,..
Quảng Ninh,2015,"6102,3","1241,6","203,5",..,..
Quảng Ninh,2016,"6177,7","1261,2","204,2",..,..
Quảng Ninh,2017,"6177,8","1285,2","208,0",..,..
Quảng Ninh,2018,"6178,2","1303,9","211,0",..,..
Quảng Ninh,2019,..,"1324,8","214,0","6178,2",..
Quảng Ninh,2020,..,"1337,6","216,0",..,"6206,9"
Quảng Ninh,2021,..,"1350,9","218,0","6207,8",..
Quảng Ninh,2022,..,"1362,9","220,0","6207,9",..
Quảng Ninh,2023,..,"1381,2","222,5","6207,9",..
Quảng Trị,2011,"4739,8","604,7","127,6",..,..
Quảng Trị,2012,"4739,8","607,8","128,2",..,..
Quảng Trị,2013,"4739,8","611,0","128,9",..,..
Quảng Trị,2014,"4739,8","614,4","129,6",..,..
Quảng Trị,2015,"4739,8","617,9","130,4",..,..
Quảng Trị,2016,"4621,8","621,6","134,5",..,..
Quảng Trị,2017,"4621,7","625,4","135,3",..,..
Quảng Trị,2018,"4621,7","629,7","136,2",..,..
Quảng Trị,2019,..,"633,4","137,0","4621,7",..
Quảng Trị,2020,..,"637,4","136,0",..,"4701,2"
Quảng Trị,2021,..,"647,8","138,0","4701,2",..
Quảng Trị,2022,..,"650,9","138,0","4701,2",..
Quảng Trị,2023,..,"654,2","139,2","4701,2",..
Sóc Trăng,2011,"3311,6","1273,9","384,7",..,..
Sóc Trăng,2012,"3311,6","1266,4","382,4",..,..
Sóc Trăng,2013,"3311,6","1255,0","379,0",..,..
Sóc Trăng,2014,"3311,6","1245,6","376,1",..,..
Sóc Trăng,2015,"3311,6","1236,3","373,3",..,..
Sóc Trăng,2016,"3311,9","1227,6","370,7",..,..
Sóc Trăng,2017,"3311,9","1218,3","367,9",..,..
Sóc Trăng,2018,"3311,9","1208,8","365,0",..,..
Sóc Trăng,2019,..,"1199,5","362,0","3311,9",..
Sóc Trăng,2020,..,"1195,7","363,0",..,"3298,2"
Sóc Trăng,2021,..,"1206,8","366,0","3298,2",..
Sóc Trăng,2022,..,"1197,8","363,0","3298,2",..
Sóc Trăng,2023,..,"1198,8","363,5","3298,2",..
Sơn La,2011,"14174,4","1115,2","78,7",..,..
Sơn La,2012,"14174,4","1129,9","79,7",..,..
Sơn La,2013,"14174,4","1143,9","80,7",..,..
Sơn La,2014,"14174,4","1159,7","81,8",..,..
Sơn La,2015,"14174,4","1177,4","83,1",..,..
Sơn La,2016,"14123,5","1194,9","84,6",..,..
Sơn La,2017,"14123,5","1213,4","85,9",..,..
Sơn La,2018,"14123,5","1233,1","87,3",..,..
Sơn La,2019,..,"1252,7","89,0","14123,5",..
Sơn La,2020,..,"1270,6","90,0",..,"14109,8"
Sơn La,2021,..,"1287,7","91,0","14109,8",..
Sơn La,2022,..,"1300,1","92,0","14109,8",..
Sơn La,2023,..,"1313,3","93,1","14109,8",..
Thanh Hoá,2011,"11131,9","3427,6","307,9",..,..
Thanh Hoá,2012,"11132,2","3449,4","309,9",..,..
Thanh Hoá,2013,"11130,5","3484,8","313,1",..,..
Thanh Hoá,2014,"11129,5","3507,1","315,1",..,..
Thanh Hoá,2015,"11129,5","3537,0","317,8",..,..
Thanh Hoá,2016,"11114,5","3570,8","321,3",..,..
Thanh Hoá,2017,"11114,7","3603,7","324,2",..,..
Thanh Hoá,2018,"11114,6","3631,3","326,7",..,..
Thanh Hoá,2019,..,"3645,8","328,0","11114,6",..
Thanh Hoá,2020,..,"3664,9","330,0",..,"11114,7"
Thanh Hoá,2021,..,"3716,4","334,0","11114,7",..
Thanh Hoá,2022,..,"3722,1","335,0","11114,7",..
Thanh Hoá,2023,..,"3739,5","336,4","11114,7",..
Thái Bình,2011,"1570,0","1798,7","1145,6",..,..
Thái Bình,2012,"1570,0","1806,5","1150,6",..,..
Thái Bình,2013,"1570,5","1815,0","1155,7",..,..
Thái Bình,2014,"1570,8","1822,4","1160,2",..,..
Thái Bình,2015,"1570,8","1830,3","1165,2",..,..
Thái Bình,2016,"1586,5","1838,1","1158,6",..,..
Thái Bình,2017,"1586,3","1846,1","1163,8",..,..
Thái Bình,2018,"1586,4","1854,1","1168,7",..,..
Thái Bình,2019,..,"1862,2","1174,0","1586,4",..
Thái Bình,2020,..,"1870,2","1180,0",..,"1584,6"
Thái Bình,2021,..,"1875,7","1184,0","1584,6",..
Thái Bình,2022,..,"1878,5","1185,0","1584,6",..
Thái Bình,2023,..,"1882,3","1187,9","1584,6",..
Thái Nguyên,2011,"3531,7","1139,4","322,6",..,..
Thái Nguyên,2012,"3534,7","1149,1","325,1",..,..
Thái Nguyên,2013,"3536,4","1156,0","326,9",..,..
Thái Nguyên,2014,"3533,2","1198,2","339,1",..,..
Thái Nguyên,2015,"3533,2","1230,8","348,4",..,..
Thái Nguyên,2016,"3526,7","1242,8","352,4",..,..
Thái Nguyên,2017,"3526,6","1256,1","356,2",..,..
Thái Nguyên,2018,"3526,6","1273,6","361,1",..,..
Thái Nguyên,2019,..,"1290,9","366,0","3526,6",..
Thái Nguyên,2020,..,"1307,9","371,0",..,"3522,0"
Thái Nguyên,2021,..,"1323,2","376,0","3522,0",..
Thái Nguyên,2022,..,"1336,0","379,0","3522,0",..
Thái Nguyên,2023,..,"1350,3","383,4","3522,0",..
Thừa Thiên Huế,2011,"5033,2","1100,8","218,7",..,..
Thừa Thiên Huế,2012,"5033,2","1105,8","219,7",..,..
Thừa Thiên Huế,2013,"5033,2","1109,8","220,5",..,..
Thừa Thiên Huế,2014,"5033,2","1111,6","220,9",..,..
Thừa Thiên Huế,2015,"5033,2","1114,7","221,5",..,..
Thừa Thiên Huế,2016,"4902,4","1118,0","228,1",..,..
Thừa Thiên Huế,2017,"4902,5","1123,4","229,1",..,..
Thừa Thiên Huế,2018,"4902,4","1125,4","229,6",..,..
Thừa Thiên Huế,2019,..,"1129,5","230,0","4902,4",..
Thừa Thiên Huế,2020,..,"1133,6","229,0",..,"4947,1"
Thừa Thiên Huế,2021,..,"1153,8","233,0","4947,1",..
Thừa Thiên Huế,2022,..,"1160,2","235,0","4947,1",..
Thừa Thiên Huế,2023,..,"1166,5","235,8","4947,1",..
Tiền Giang,2011,"2508,3","1682,6","670,8",..,..
Tiền Giang,2012,"2508,3","1692,5","674,7",..,..
Tiền Giang,2013,"2508,6","1705,8","680,0",..,..
Tiền Giang,2014,"2509,3","1716,1","683,9",..,..
Tiền Giang,2015,"2509,3","1728,7","688,9",..,..
Tiền Giang,2016,"2510,5","1740,1","693,1",..,..
Tiền Giang,2017,"2510,6","1751,8","697,8",..,..
Tiền Giang,2018,"2510,6","1759,1","700,7",..,..
Tiền Giang,2019,..,"1766,3","704,0","2510,6",..
Tiền Giang,2020,..,"1772,5","693,0",..,"2556,4"
Tiền Giang,2021,..,"1779,4","696,0","2556,4",..
Tiền Giang,2022,..,"1785,2","698,0","2556,4",..
Tiền Giang,2023,..,"1790,7","700,5","2556,4",..
TP.Hồ Chí Minh,2011,"2095,6","7613,4","3633,1",..,..
TP.Hồ Chí Minh,2012,"2095,6","7789,9","3717,2",..,..
TP.Hồ Chí Minh,2013,"2095,6","7974,0","3805,1",..,..
TP.Hồ Chí Minh,2014,"2095,5","8135,9","3882,6",..,..
TP.Hồ Chí Minh,2015,"2095,5","8307,9","3964,6",..,..
TP.Hồ Chí Minh,2016,"2061,4","8479,1","4113,3",..,..
TP.Hồ Chí Minh,2017,"2061,2","8649,6","4196,4",..,..
TP.Hồ Chí Minh,2018,"2061,4","8843,2","4289,9",..,..
TP.Hồ Chí Minh,2019,..,"9038,6","4385,0","2061,4",..
TP.Hồ Chí Minh,2020,..,"9227,6","4404,0",..,"2095,4"
TP.Hồ Chí Minh,2021,..,"9166,8","4375,0","2095,4",..
TP.Hồ Chí Minh,2022,..,"9389,7","4481,0","2095,4",..
TP.Hồ Chí Minh,2023,..,"9456,7","4513,1","2095,4",..
Trung du và miền núi phía Bắc,2011,"95264,4","11311,4","118,7",..,..
Trung du và miền núi phía Bắc,2012,"95272,3","11441,8","120,1",..,..
Trung du và miền núi phía Bắc,2013,"95274,7","11574,5","121,5",..,..
Trung du và miền núi phía Bắc,2014,"95266,8","11739,2","123,2",..,..
Trung du và miền núi phía Bắc,2015,"95266,8","11907,0","125,0",..,..
Trung du và miền núi phía Bắc,2016,"95222,3","12061,1","126,7",..,..
Trung du và miền núi phía Bắc,2017,"95222,1","12230,8","128,4",..,..
Trung du và miền núi phía Bắc,2018,"95222,2","12404,9","130,3",..,..
Trung du và miền núi phía Bắc,2019,..,"12569,3","132,0","95221,9",..
Trung du và miền núi phía Bắc,2020,..,"12725,8","134,0",..,"95184,1"
Trung du và miền núi phía Bắc,2021,..,"12925,1","136,0","95184,1",..
Trung du và miền núi phía Bắc,2022,..,"13023,2","137,0","95184,2",..
Trung du và miền núi phía Bắc,2023,..,"13162,4","138,3","95184,1",..
Trà Vinh,2011,"2341,2","1004,3","429,0",..,..
Trà Vinh,2012,"2341,2","1005,1","429,3",..,..
Trà Vinh,2013,"2341,2","1005,6","429,5",..,..
Trà Vinh,2014,"2341,2","1006,2","429,8",..,..
Trà Vinh,2015,"2341,2","1006,9","430,1",..,..
Trà Vinh,2016,"2358,2","1007,6","427,3",..,..
Trà Vinh,2017,"2358,3","1008,1","427,5",..,..
Trà Vinh,2018,"2358,3","1008,8","427,8",..,..
Trà Vinh,2019,..,"1009,3","428,0","2358,3",..
Trà Vinh,2020,..,"1009,9","422,0",..,"2390,8"
Trà Vinh,2021,..,"1018,6","426,0","2390,8",..
Trà Vinh,2022,..,"1019,3","426,0","2390,8",..
Trà Vinh,2023,..,"1019,9","426,6","2390,8",..
Tuyên Quang,2011,"5867,3","733,6","125,0",..,..
Tuyên Quang,2012,"5867,3","738,5","125,9",..,..
Tuyên Quang,2013,"5867,3","743,4","126,7",..,..
Tuyên Quang,2014,"5867,3","749,6","127,8",..,..
Tuyên Quang,2015,"5867,3","756,2","128,9",..,..
Tuyên Quang,2016,"5867,9","763,4","130,1",..,..
Tuyên Quang,2017,"5867,9","770,5","131,3",..,..
Tuyên Quang,2018,"5867,9","778,3","132,6",..,..
Tuyên Quang,2019,..,"786,3","134,0","5867,9",..
Tuyên Quang,2020,..,"792,9","135,0",..,"5867,9"
Tuyên Quang,2021,..,"801,7","137,0","5868,0",..
Tuyên Quang,2022,..,"805,8","137,0","5868,0",..
Tuyên Quang,2023,..,"812,2","138,4","5867,9",..
Tây Nguyên,2011,"54641,0","5278,0","96,6",..,..
Tây Nguyên,2012,"54641,1","5358,0","98,1",..,..
Tây Nguyên,2013,"54641,1","5438,7","99,5",..,..
Tây Nguyên,2014,"54641,0","5509,2","100,8",..,..
Tây Nguyên,2015,"54641,0","5584,3","102,2",..,..
Tây Nguyên,2016,"54508,0","5657,1","103,8",..,..
Tây Nguyên,2017,"54508,3","5725,5","105,0",..,..
Tây Nguyên,2018,"54508,3","5796,4","106,3",..,..
Tây Nguyên,2019,..,"5861,3","108,0","54508,3",..
Tây Nguyên,2020,..,"5932,1","109,0",..,"54545,2"
Tây Nguyên,2021,..,"6033,8","111,0","54548,3",..
Tây Nguyên,2022,..,"6092,4","112,0","54548,3",..
Tây Nguyên,2023,..,"6163,6","113,0","54548,3",..
Tây Ninh,2011,"4039,7","1090,1","269,8",..,..
Tây Ninh,2012,"4039,7","1103,4","273,1",..,..
Tây Ninh,2013,"4032,6","1111,4","275,6",..,..
Tây Ninh,2014,"4032,6","1120,7","277,9",..,..
Tây Ninh,2015,"4032,6","1129,9","280,2",..,..
Tây Ninh,2016,"4041,4","1139,6","282,0",..,..
Tây Ninh,2017,"4041,3","1151,1","284,8",..,..
Tây Ninh,2018,"4041,3","1160,7","287,2",..,..
Tây Ninh,2019,..,"1171,7","290,0","4041,3",..
Tây Ninh,2020,..,"1178,3","292,0",..,"4041,7"
Tây Ninh,2021,..,"1181,9","292,0","4041,7",..
Tây Ninh,2022,..,"1188,8","294,0","4041,7",..
Tây Ninh,2023,..,"1194,9","295,6","4041,7",..
Vĩnh Long,2011,"1496,8","1024,8","684,7",..,..
Vĩnh Long,2012,"1504,9","1022,6","679,5",..,..
Vĩnh Long,2013,"1520,2","1023,8","673,5",..,..
Vĩnh Long,2014,"1520,2","1023,7","673,4",..,..
Vĩnh Long,2015,"1520,2","1023,2","673,1",..,..
Vĩnh Long,2016,"1525,6","1022,8","670,4",..,..
Vĩnh Long,2017,"1525,7","1022,6","670,2",..,..
Vĩnh Long,2018,"1525,7","1022,7","670,3",..,..
Vĩnh Long,2019,..,"1022,6","670,0","1525,7",..
Vĩnh Long,2020,..,"1023,0","670,0",..,"1525,7"
Vĩnh Long,2021,..,"1029,0","674,0","1525,7",..
Vĩnh Long,2022,..,"1028,8","674,0","1525,7",..
Vĩnh Long,2023,..,"1029,6","674,8","1525,7",..
Vĩnh Phúc,2011,"1236,5","1029,5","832,6",..,..
Vĩnh Phúc,2012,"1236,5","1047,4","847,1",..,..
Vĩnh Phúc,2013,"1238,6","1061,5","857,0",..,..
Vĩnh Phúc,2014,"1237,5","1076,8","870,2",..,..
Vĩnh Phúc,2015,"1237,5","1090,4","881,1",..,..
Vĩnh Phúc,2016,"1235,3","1106,1","895,4",..,..
Vĩnh Phúc,2017,"1235,2","1123,1","909,2",..,..
Vĩnh Phúc,2018,"1235,2","1138,4","921,6",..,..
Vĩnh Phúc,2019,..,"1154,8","934,0","1235,9",..
Vĩnh Phúc,2020,..,"1171,2","948,0",..,"1236,0"
Vĩnh Phúc,2021,..,"1191,8","964,0","1236,0",..
Vĩnh Phúc,2022,..,"1197,6","969,0","1236,0",..
Vĩnh Phúc,2023,..,"1211,3","980,1","1236,0",..
Yên Bái,2011,"6886,3","758,6","110,2",..,..
Yên Bái,2012,"6886,3","765,7","111,2",..,..
Yên Bái,2013,"6886,3","774,6","112,5",..,..
Yên Bái,2014,"6886,3","783,5","113,8",..,..
Yên Bái,2015,"6886,3","793,1","115,2",..,..
Yên Bái,2016,"6887,6","800,3","116,2",..,..
Yên Bái,2017,"6887,7","807,3","117,2",..,..
Yên Bái,2018,"6887,7","814,6","118,3",..,..
Yên Bái,2019,..,"823,0","119,0","6887,5",..
Yên Bái,2020,..,"831,6","121,0",..,"6892,7"
Yên Bái,2021,..,"842,7","122,0","6892,7",..
Yên Bái,2022,..,"847,2","123,0","6892,7",..
Yên Bái,2023,..,"855,5","124,1","6892,7",..
Điện Biên,2011,"9562,9","512,8","53,6",..,..
Điện Biên,2012,"9562,9","523,9","54,8",..,..
Điện Biên,2013,"9562,9","535,0","55,9",..,..
Điện Biên,2014,"9562,9","546,1","57,1",..,..
Điện Biên,2015,"9562,9","557,1","58,3",..,..
Điện Biên,2016,"9540,9","568,3","59,6",..,..
Điện Biên,2017,"9541,3","579,4","60,7",..,..
Điện Biên,2018,"9541,2","590,5","61,9",..,..
Điện Biên,2019,..,"601,7","63,0","9541,3",..
Điện Biên,2020,..,"613,5","64,0",..,"9539,9"
Điện Biên,2021,..,"625,1","66,0","9539,9",..
Điện Biên,2022,..,"635,9","67,0","9539,9",..
Điện Biên,2023,..,"646,2","67,7","9539,9",..
Đà Nẵng,2011,"1285,4","968,7","753,6",..,..
Đà Nẵng,2012,"1285,4","996,3","775,1",..,..
Đà Nẵng,2013,"1285,4","1017,3","791,5",..,..
Đà Nẵng,2014,"1285,4","1033,9","804,4",..,..
Đà Nẵng,2015,"1285,4","1056,3","821,8",..,..
Đà Nẵng,2016,"1284,7","1080,3","840,9",..,..
Đà Nẵng,2017,"1284,9","1097,8","854,4",..,..
Đà Nẵng,2018,"1284,9","1114,4","867,3",..,..
Đà Nẵng,2019,..,"1141,1","888,0","1284,9",..
Đà Nẵng,2020,..,"1169,5","910,0",..,"1284,7"
Đà Nẵng,2021,..,"1195,5","931,0","1284,7",..
Đà Nẵng,2022,..,"1220,2","950,0","1284,7",..
Đà Nẵng,2023,..,"1245,2","969,2","1284,7",..
Đông Nam Bộ,2011,"23597,9","15005,6","635,9",..,..
Đông Nam Bộ,2012,"23598,0","15371,2","651,4",..,..
Đông Nam Bộ,2013,"23590,8","15730,7","666,8",..,..
Đông Nam Bộ,2014,"23590,7","16093,5","682,2",..,..
Đông Nam Bộ,2015,"23590,7","16448,5","697,2",..,..
Đông Nam Bộ,2016,"23552,6","16789,2","712,8",..,..
Đông Nam Bộ,2017,"23552,6","17132,6","727,4",..,..
Đông Nam Bộ,2018,"23552,8","17527,4","744,2",..,..
Đông Nam Bộ,2019,..,"17930,3","761,0","23552,8",..
Đông Nam Bộ,2020,..,"18342,9","779,0",..,"23551,4"
Đông Nam Bộ,2021,..,"18315,0","778,0","23551,4",..
Đông Nam Bộ,2022,..,"18810,8","799,0","23551,4",..
Đông Nam Bộ,2023,..,"19018,8","807,5","23551,4",..
Đắk Lắk,2011,"13125,4","1760,4","134,1",..,..
Đắk Lắk,2012,"13125,4","1777,3","135,4",..,..
Đắk Lắk,2013,"13125,4","1794,6","136,7",..,..
Đắk Lắk,2014,"13125,4","1805,8","137,6",..,..
Đắk Lắk,2015,"13125,4","1820,1","138,7",..,..
Đắk Lắk,2016,"13030,5","1836,4","140,9",..,..
Đắk Lắk,2017,"13030,5","1850,3","142,0",..,..
Đắk Lắk,2018,"13030,5","1861,5","142,9",..,..
Đắk Lắk,2019,..,"1872,6","144,0","13030,5",..
Đắk Lắk,2020,..,"1886,9","144,0",..,"13070,4"
Đắk Lắk,2021,..,"1909,0","146,0","13070,4",..
Đắk Lắk,2022,..,"1918,4","147,0","13070,4",..
Đắk Lắk,2023,..,"1931,5","147,8","13070,4",..
Đắk Nông,2011,"6515,6","512,7","78,7",..,..
Đắk Nông,2012,"6515,6","529,4","81,2",..,..
Đắk Nông,2013,"6515,6","548,1","84,1",..,..
Đắk Nông,2014,"6515,6","565,0","86,7",..,..
Đắk Nông,2015,"6515,6","580,5","89,1",..,..
Đắk Nông,2016,"6509,3","594,4","91,3",..,..
Đắk Nông,2017,"6509,3","604,9","92,9",..,..
Đắk Nông,2018,"6509,3","615,4","94,5",..,..
Đắk Nông,2019,..,"625,8","96,0","6509,3",..
Đắk Nông,2020,..,"637,9","98,0",..,"6509,3"
Đắk Nông,2021,..,"664,4","102,0","6509,3",..
Đắk Nông,2022,..,"670,6","103,0","6509,3",..
Đắk Nông,2023,..,"681,9","104,8","6509,3",..
Đồng bằng sông Cửu Long,2011,"40548,2","17217,7","424,6",..,..
Đồng bằng sông Cửu Long,2012,"40553,1","17252,6","425,4",..,..
Đồng bằng sông Cửu Long,2013,"40572,0","17269,9","425,7",..,..
Đồng bằng sông Cửu Long,2014,"40576,0","17269,8","425,6",..,..
Đồng bằng sông Cửu Long,2015,"40576,0","17266,7","425,5",..,..
Đồng bằng sông Cửu Long,2016,"40816,3","17271,6","423,2",..,..
Đồng bằng sông Cửu Long,2017,"40816,3","17279,5","423,3",..,..
Đồng bằng sông Cửu Long,2018,"40816,4","17280,7","423,4",..,..
Đồng bằng sông Cửu Long,2019,..,"17282,5","423,0","40816,4",..
Đồng bằng sông Cửu Long,2020,..,"17318,6","423,0",..,"40921,7"
Đồng bằng sông Cửu Long,2021,..,"17422,6","426,0","40921,7",..
Đồng bằng sông Cửu Long,2022,..,"17432,1","426,0","40922,6",..
Đồng bằng sông Cửu Long,2023,..,"17463,3","426,7","40921,7",..
Đồng bằng sông Hồng,2011,"21068,1","20216,8","959,6",..,..
Đồng bằng sông Hồng,2012,"21050,9","20525,4","975,0",..,..
Đồng bằng sông Hồng,2013,"21059,3","20785,6","987,0",..,..
Đồng bằng sông Hồng,2014,"21060,0","21080,6","1001,0",..,..
Đồng bằng sông Hồng,2015,"21060,0","21368,4","1014,6",..,..
Đồng bằng sông Hồng,2016,"21260,3","21669,2","1019,2",..,..
Đồng bằng sông Hồng,2017,"21259,6","21968,6","1033,3",..,..
Đồng bằng sông Hồng,2018,"21260,0","22290,7","1048,5",..,..
Đồng bằng sông Hồng,2019,..,"22620,2","1064,0","21260,8",..
Đồng bằng sông Hồng,2020,..,"22920,2","1078,0",..,"21254,6"
Đồng bằng sông Hồng,2021,..,"23224,8","1091,0","21278,5",..
Đồng bằng sông Hồng,2022,..,"23454,2","1102,0","21278,6",..
Đồng bằng sông Hồng,2023,..,"23732,4","1115,3","21278,6",..
Đồng Nai,2011,"5907,2","2661,8","450,6",..,..
Đồng Nai,2012,"5907,2","2719,0","460,3",..,..
Đồng Nai,2013,"5907,2","2771,4","469,2",..,..
Đồng Nai,2014,"5907,2","2831,3","479,3",..,..
Đồng Nai,2015,"5907,2","2890,0","489,2",..,..
Đồng Nai,2016,"5863,6","2951,4","503,3",..,..
Đồng Nai,2017,"5863,6","3004,9","512,5",..,..
Đồng Nai,2018,"5863,6","3055,1","521,0",..,..
Đồng Nai,2019,..,"3113,7","531,0","5863,6",..
Đồng Nai,2020,..,"3177,4","542,0",..,"5863,6"
Đồng Nai,2021,..,"3169,1","540,0","5863,6",..
Đồng Nai,2022,..,"3255,8","555,0","5863,6",..
Đồng Nai,2023,..,"3310,9","564,6","5863,6",..
Đồng Tháp,2011,"3377,0","1653,2","489,6",..,..
Đồng Tháp,2012,"3377,0","1646,2","487,5",..,..
Đồng Tháp,2013,"3378,8","1639,2","485,1",..,..
Đồng Tháp,2014,"3378,8","1632,4","483,1",..,..
Đồng Tháp,2015,"3378,8","1625,6","481,1",..,..
Đồng Tháp,2016,"3384,0","1619,0","478,4",..,..
Đồng Tháp,2017,"3383,8","1612,5","476,5",..,..
Đồng Tháp,2018,"3383,8","1606,1","474,6",..,..
Đồng Tháp,2019,..,"1598,8","472,0","3383,8",..
Đồng Tháp,2020,..,"1600,0","473,0",..,"3382,3"
Đồng Tháp,2021,..,"1601,3","473,0","3382,3",..
Đồng Tháp,2022,..,"1600,2","473,0","3382,3",..
Đồng Tháp,2023,..,"1600,2","473,1","3382,3",..
